{"_capsules":[{"x":9.662534713745118,"y":1.0,"z":-14.31536865234375},{"x":10.0,"y":1.0,"z":11.0},{"x":18.361221313476564,"y":1.0,"z":-6.465128421783447}]}